Eruotive Center,Sample,Class,Class 2,Elongation 2D,Form Factor 2D,Aspect Ratio 2D,Compactness 2D,Rectangularity 2D,Roundness 2D,Curvature 2D,Circularity 2D,Elongation 3D,Form Factor 3D,Aspect Ratio 3D,Compactness 3D,Rectangularity 3D,Roundness 3D,Curvature 3D,Circularity 3D,Wilson-Huang Factor,DellinoLaVolpe Factor,Krumbein intercept sphericity,Corey Shape Factor,Aschenbrenner working sphericity
Catamarca,CA 3VIA,Fall,Distal,2.681031731,0.42260005,0.647507914,0.576040429,1.010721904,0.474906556,0.943323579,0.650076957,0.000604798,0.029945391,0.012528783,0.271992637,0.562001622,3157.844788,0.000448015,0.096431737,0.328914274,0.06268805,0.188357896,0.012825783,0.068972772
Catamarca,CA 3VIA,Fall,Distal,3.235799347,0.428800355,0.520509936,0.593730545,0.98961738,0.393485321,1.043910583,0.654828493,0.000984421,0.042935378,0.016397557,0.303296199,0.574077048,1940.08397,0.000788249,0.122614979,0.26648813,0.080291782,0.186518744,0.017279211,0.077837048
Catamarca,CA 3VIA,Fall,Distal,2.13388136,0.615172467,0.65230312,0.718423077,0.936271133,0.596677758,1.015379803,0.78432931,0.000836037,0.033258982,0.01614912,0.326394243,0.695394773,2284.420947,0.000596241,0.103420342,0.332822371,0.081115605,0.205692923,0.016519004,0.081807842
Catamarca,CA 3VIA,Fall,Distal,2.431456311,0.44822112,0.720973093,0.570445913,0.986555365,0.523653063,0.925175949,0.669493181,0.002038567,0.038104378,0.02046147,0.210919991,0.548046856,936.8635607,0.001182676,0.113235669,0.369289956,0.075810508,0.233274173,0.020735828,0.09820419
Catamarca,CA 3VIA,Fall,Distal,2.335665015,0.240627666,0.803304827,0.532977736,1.311075597,0.545129347,0.664389864,0.490538139,0.001536332,0.011842575,0.012279912,0.099335276,0.52050617,1243.129617,0.000449386,0.051955407,0.40718852,0.025486109,0.20719134,0.01235362,0.071836609
Catamarca,CA 3VIA,Fall,Distal,2.136976014,0.653955616,0.71224465,0.657008755,0.875659287,0.595813681,1.047656474,0.808675223,0.000292634,0.020474237,0.009339552,0.306740031,0.645543247,6526.454467,0.000214299,0.07484081,0.360120224,0.060521909,0.178578986,0.009474303,0.058123984
Catamarca,CA 3VIA,Fall,Distal,3.322133144,0.471341151,0.465960109,0.646002543,0.966221257,0.383259638,1.108973419,0.686542898,0.001483702,0.058753032,0.021369548,0.35487829,0.617169852,1287.225337,0.001277175,0.151130988,0.240811781,0.103757907,0.193974842,0.022946324,0.090018836
Catamarca,CA 3VIA,Fall,Distal,2.510593672,0.446381651,0.817562335,0.487194856,0.921179448,0.507146799,0.938180329,0.668117992,0.001085666,0.039153752,0.015620393,0.227031082,0.474346119,1759.158662,0.000791247,0.115305207,0.415878927,0.077037483,0.226407453,0.015699682,0.084657932
Catamarca,CA 3VIA,Fall,Distal,2.066557451,0.489320199,0.673368271,0.71862094,1.0533267,0.61611621,0.891179637,0.69951426,0.001590421,0.067193334,0.025407365,0.42196607,0.684427889,1200.851267,0.001462934,0.165278918,0.347313105,0.11561496,0.242805175,0.025905671,0.111429968
Catamarca,CA 3VIA,Fall,Distal,1.45055017,0.45371232,0.993640218,0.693806053,1.095901413,0.87776319,0.718954827,0.67358171,0.008236396,0.058224816,0.042012117,0.214297122,0.64259615,231.8804692,0.003980118,0.150223802,0.51775937,0.101188006,0.346529468,0.04201233,0.170636332
Catamarca,CA 3VIA,Fall,Distal,2.522254058,0.248244007,0.591679873,0.67007648,1.407295863,0.504802258,0.701259474,0.498240912,0.000764056,0.023040711,0.013246394,0.245829946,0.652612323,2499.632657,0.000439622,0.080971201,0.301110941,0.040343165,0.184078639,0.01370503,0.069907052
Catamarca,CA 3VIA,Fall,Distal,1.580755382,0.410040256,0.980750083,0.645025638,1.111474929,0.805462729,0.713494325,0.640343858,0.001984891,0.038689415,0.02198762,0.243590766,0.619831716,962.1986288,0.001173685,0.114391769,0.501263037,0.073250067,0.277446183,0.021988658,0.110833172
Catamarca,CA 3VIA,Fall,Distal,2.13858272,0.469174363,0.809978235,0.577298724,0.977623023,0.595366049,0.887718159,0.684963038,0.000705801,0.033636319,0.013974217,0.279760277,0.562115703,2705.945998,0.000536611,0.1042011,0.411312375,0.071373902,0.217177448,0.014051871,0.078440766
Catamarca,CA 3V2,Fall,Distal,2.118068467,0.40771941,0.812900008,0.580795011,1.052083948,0.601132383,0.823560733,0.638529099,0.004940597,0.039230128,0.028264676,0.163440308,0.55147814,386.5644707,0.002175698,0.115455108,0.419260262,0.073721446,0.275132356,0.028416416,0.125318001
Catamarca,CA 3V2,Fall,Distal,1.725409356,0.265537526,0.94727607,0.611830729,1.344740185,0.737934763,0.599865614,0.515303334,0.008452416,0.130447641,0.052523652,0.326623542,0.565969792,225.9542586,0.006933361,0.257211759,0.499207548,0.132542077,0.364538166,0.052542915,0.195561408
Catamarca,CA 3V2,Fall,Distal,2.234967116,0.350692307,0.69152364,0.647026147,1.183581522,0.569690505,0.784591554,0.592192795,0.004261001,0.097171048,0.03809723,0.352341872,0.605736548,448.2184243,0.003608816,0.211360871,0.361872412,0.125166385,0.281394867,0.03874699,0.146698593
Catamarca,CA 3V2,Fall,Distal,2.673371925,0.272866382,0.633736725,0.590244218,1.270246939,0.476267269,0.756919421,0.522366138,0.001859416,0.03423141,0.019242163,0.209665286,0.568292814,1027.128656,0.001035619,0.105426518,0.32472752,0.055071243,0.215164994,0.019744745,0.091223155
Catamarca,CA 3V2,Fall,Distal,2.112760847,0.358535782,0.692861821,0.683129483,1.202989961,0.602642531,0.771323145,0.598778575,0.001435869,0.050353213,0.021817618,0.342796351,0.656161563,1330.106814,0.001127441,0.13635931,0.355664463,0.081649033,0.233891887,0.022185822,0.101455053
Catamarca,CA 3V2,Fall,Distal,2.113408975,0.382595662,0.671307506,0.704847152,1.179388199,0.602457716,0.796905337,0.618543178,0.006075231,0.101563807,0.04533771,0.351955384,0.651864831,314.3681889,0.00470833,0.217683736,0.354597067,0.13464679,0.294082479,0.046240785,0.163316107
Catamarca,CA 3V2,Fall,Distal,2.282398748,0.305556961,0.666711248,0.657159359,1.273423086,0.557851491,0.740093844,0.552772069,0.002114038,0.075404178,0.027800085,0.380804754,0.625863012,903.4175622,0.001909873,0.178483034,0.344939303,0.098660436,0.249041329,0.028373153,0.117979783
Catamarca,CA 3V2,Fall,Distal,2.271718432,0.43785291,0.623257111,0.706282192,1.094828895,0.560474189,0.883865764,0.661704549,0.007070105,0.060873471,0.039792954,0.236719426,0.654839901,270.1316758,0.003703125,0.154745743,0.327777105,0.102395962,0.272025895,0.040910038,0.14699481
Catamarca,CA 3V2,Fall,Distal,1.716702612,0.288206669,0.893996641,0.65158195,1.33044273,0.741677409,0.623367976,0.536848833,0.003294704,0.058872194,0.030090835,0.275685943,0.618125007,579.6755595,0.002176791,0.151335268,0.461246306,0.081244162,0.294243207,0.030138075,0.133601066
Catamarca,CA 3V2,Fall,Distal,1.919732212,0.414873699,0.755502729,0.689482599,1.131345228,0.6632381,0.790902992,0.644106901,0.003085623,0.074277304,0.032443003,0.347861379,0.649996387,618.9542071,0.002432942,0.176700355,0.39198981,0.113813918,0.278126816,0.032762312,0.134866378
Catamarca,CA 3V2,Fall,Distal,2.066200927,0.355413173,0.782141477,0.618788353,1.1605924,0.616222521,0.759447885,0.596165391,0.003143745,0.041150354,0.025475544,0.209574594,0.592185397,607.5108292,0.001661676,0.119192533,0.402420994,0.071058463,0.260879722,0.025668057,0.115888666
Catamarca,CA 3V2,Fall,Distal,2.054934762,0.535282884,0.825551418,0.589464742,0.925742429,0.619600957,0.92947056,0.731630292,0.005963647,0.044567089,0.031647426,0.169491867,0.555740745,320.2502156,0.002685447,0.12570219,0.42721921,0.09196753,0.287838489,0.031792919,0.135562526
Catamarca,CA 3V2,Fall,Distal,1.65084884,0.571601365,0.843623254,0.718032578,0.989697507,0.771263555,0.860885164,0.756043229,0.004101175,0.105945427,0.041230803,0.417514032,0.666378515,465.6858532,0.003726714,0.223900369,0.440815144,0.169278358,0.317690459,0.041379925,0.162304613
Catamarca,CA 3V2,Fall,Distal,1.727125891,0.441007955,0.841670491,0.687913614,1.102751856,0.737201354,0.773446271,0.664084298,0.001558554,0.023703028,0.017716749,0.202893464,0.665570457,1225.404849,0.000720581,0.082515566,0.428992349,0.054797292,0.239461679,0.017782586,0.092689563
Catamarca,CA 3V2,Fall,Distal,2.17172467,0.244601367,0.723956346,0.636037696,1.410642127,0.586280371,0.645917072,0.494571903,0.010614209,0.131594746,0.057134408,0.315637071,0.580254658,179.9342184,0.008117392,0.258717436,0.386602479,0.127954375,0.329131003,0.057881238,0.193832888
Catamarca,CA 3 VIB,Fall,Distal,2.145295004,0.400835053,0.808919804,0.576245452,1.056645397,0.593503244,0.821809767,0.633115355,0.00213616,0.0826082,0.027303001,0.352906884,0.549076478,894.0618949,0.002043794,0.189677335,0.416807136,0.120087633,0.27133244,0.027456613,0.122331126
Catamarca,CA 3 VIB,Fall,Distal,1.81796809,0.436510882,0.901761639,0.609988977,1.046232454,0.700364078,0.789469954,0.660689702,0.003719065,0.099292114,0.03612648,0.351866556,0.573224363,513.5321786,0.003343732,0.214425537,0.468056808,0.141668744,0.314061352,0.036174776,0.151081559
Catamarca,CA 3 VIB,Fall,Distal,1.852871923,0.27510342,0.784056509,0.688346701,1.391539809,0.687170834,0.632725934,0.524503022,0.001958679,0.057970668,0.02572538,0.342902143,0.658215958,975.0752043,0.001523281,0.149786338,0.403502137,0.078563387,0.262036984,0.025915926,0.116710654
Catamarca,CA 3 VIB,Fall,Distal,1.782796779,0.379688637,0.903092784,0.62110609,1.132009974,0.714180977,0.72913788,0.6161888,0.003751083,0.091715427,0.035598376,0.338712559,0.584025444,509.1488085,0.003189567,0.203373764,0.468483145,0.125316636,0.312750138,0.035644619,0.149669022
Catamarca,CA 3 VIB,Fall,Distal,1.807334536,0.661629115,0.777919475,0.711257417,0.911667077,0.704484709,0.969106527,0.813405874,0.000808942,0.032695491,0.016037582,0.322990791,0.689233245,2360.935828,0.000576681,0.102248885,0.39608812,0.083169843,0.223007025,0.01616418,0.08512072
Catamarca,CA 3 VIB,Fall,Distal,1.762136644,0.348916841,0.95297051,0.59549889,1.157440018,0.722554377,0.694905418,0.590691833,0.002782686,0.04709008,0.025244321,0.229147478,0.568897728,686.336576,0.001675952,0.13040261,0.488810609,0.077027757,0.28639776,0.025251644,0.120682942
Catamarca,CA 3 VIB,Fall,Distal,2.081774196,0.275284917,0.796611673,0.603003334,1.303204888,0.611612704,0.670892536,0.524676012,0.001661534,0.036361171,0.019524818,0.232416231,0.583378361,1149.455212,0.001000224,0.109755234,0.407075466,0.057585939,0.240853316,0.019651146,0.097569292
Catamarca,CA 3 VIB,Fall,Distal,1.825098515,0.280044882,0.949079169,0.57731288,1.272004009,0.697627845,0.633580667,0.52919267,0.002079282,0.059955199,0.024491722,0.288683407,0.554429948,918.5187535,0.00162116,0.153185586,0.486473661,0.081064689,0.282948296,0.024500085,0.118175171
Catamarca,CA 3 VIB,Fall,Distal,1.672902804,0.277777035,0.990000943,0.603800798,1.306586391,0.761095948,0.604127304,0.527045572,0.005494648,0.128646678,0.044831376,0.365792831,0.562052945,347.5853567,0.005154953,0.254838898,0.517304092,0.134311713,0.353465464,0.044831942,0.17795772
Catamarca,CA 3 VIB,Fall,Distal,1.646166877,0.411202345,0.974408733,0.623426091,1.091121598,0.773457152,0.72913788,0.64125061,0.002993552,0.088774912,0.032777885,0.358961672,0.589916146,637.9911158,0.002685244,0.199003248,0.503383602,0.127610954,0.315919467,0.032780639,0.144195746
Catamarca,CA 3 VIB,Fall,Distal,2.026681858,0.415495178,0.891104294,0.553714483,1.02137135,0.628238487,0.813243732,0.644589154,0.002334582,0.040645793,0.021813998,0.204504997,0.531632132,818.0734901,0.001351498,0.11821622,0.455865284,0.076200893,0.263906305,0.021850254,0.107861136
Catamarca,CA 3 VIB,Fall,Distal,2.032808328,0.315967257,0.795253419,0.618583061,1.23191266,0.626345104,0.710254831,0.562109648,0.000505104,0.022272348,0.011264432,0.254521125,0.605330514,3781.12115,0.00032616,0.07916089,0.402682337,0.0444971,0.200341172,0.011338414,0.067662779
Catamarca,CA 3 VIB,Fall,Distal,2.159909444,0.34938719,0.739748231,0.625864793,1.172781948,0.589487466,0.769867881,0.591089832,0.00348209,0.07588731,0.032411514,0.30859402,0.591734209,548.4807308,0.002675091,0.17924461,0.383971084,0.105949667,0.275262185,0.032780363,0.134077648
Catamarca,R1-01-VO,Fall,Distal,1.335890579,0.670370894,0.987364621,0.758143736,0.942441417,0.953101672,0.838663919,0.818761805,0.003213399,0.073963317,0.034740307,0.375595314,0.71117675,594.342357,0.002492603,0.176202034,0.510942725,0.144267496,0.324229797,0.034741009,0.150293383
Catamarca,R1-01-VO,Fall,Distal,3.378545254,0.464041565,0.430071863,0.688223074,0.989859973,0.37686029,1.10965571,0.681205963,0.001520112,0.049396366,0.020659568,0.333796262,0.657060437,1256.393418,0.001156235,0.134626328,0.222422098,0.091708257,0.185209552,0.022525716,0.086066119
Catamarca,R1-01-VO,Fall,Distal,2.842070205,0.524942862,0.597932817,0.588454392,0.908119502,0.447997218,1.082476206,0.724529407,0.00143767,0.079011819,0.023184471,0.39915327,0.563683337,1328.440249,0.001523702,0.184131479,0.308228215,0.133408671,0.222908195,0.023955185,0.101675996
Catamarca,R1-01-VO,Fall,Distal,1.546651132,0.732951726,0.966816143,0.668749919,0.846403215,0.823223491,0.943580177,0.856125999,0.001410631,0.038105321,0.019854822,0.279538945,0.643863312,1353.904547,0.000925263,0.113237538,0.493170768,0.096945601,0.26626529,0.019857649,0.103242669
Catamarca,R1-01-VO,Fall,Distal,1.940196806,0.615664894,0.824373528,0.625216135,0.888926978,0.65624247,0.968590106,0.784643163,0.001096026,0.026982485,0.01566403,0.225958906,0.606991245,1742.530328,0.000621252,0.089961073,0.419331024,0.070587341,0.22752918,0.01573712,0.084984321
Catamarca,R1-01-VO,Fall,Distal,1.945967479,0.525005152,0.800851466,0.641671051,0.97375,0.654296415,0.895765873,0.724572393,0.002312035,0.033539618,0.021846853,0.208990801,0.615284429,826.0511852,0.00118132,0.104001294,0.410261467,0.075356466,0.250685714,0.021981676,0.10526148
Catamarca,R1-01-VO,Fall,Distal,1.945452178,0.551358018,0.815075731,0.630639949,0.942872696,0.654469721,0.917850751,0.74253486,0.004265459,0.07724814,0.035189309,0.293350774,0.592108247,447.7499855,0.003099096,0.181381095,0.423505681,0.134681786,0.296363344,0.035373377,0.144974084
Catamarca,R1-01-VO,Fall,Distal,1.880474224,0.544033071,0.743530402,0.715210504,1.005076385,0.677084285,0.896378195,0.737585975,0.001072086,0.036387162,0.018265918,0.318092551,0.691084369,1781.441501,0.000747224,0.109807531,0.379726997,0.080992495,0.227918678,0.0184668,0.091776966
Catamarca,R1-01-VO,Fall,Distal,1.69071233,0.401498593,0.907208589,0.651963266,1.127976025,0.75307876,0.73016635,0.633639166,0.008911509,0.040980654,0.037163645,0.155351186,0.609759593,214.3137855,0.003319091,0.118864616,0.471324,0.075317276,0.317978593,0.037207708,0.154149331
Catamarca,R1-01-VO,Fall,Distal,1.759641347,0.346202916,0.937486243,0.60619303,1.172084356,0.723579011,0.691707334,0.588390105,0.001101829,0.019066965,0.013817394,0.17345645,0.59062336,1733.353785,0.00049461,0.07137088,0.475435874,0.041993919,0.23238061,0.013824592,0.080576895
Catamarca,R1-01-VO,Fall,Distal,2.336991468,0.403371066,0.753079347,0.568201186,1.041339706,0.544819937,0.860450469,0.635115002,0.006412433,0.06370151,0.035687376,0.202632363,0.53195813,297.8369285,0.003576411,0.159502129,0.392180374,0.101302195,0.286665641,0.036046726,0.143530123
Catamarca,R1-01-VO,Fall,Distal,2.147415744,0.530169518,0.727308448,0.640273069,0.961699955,0.592917114,0.94560636,0.728127405,0.003828442,0.058498736,0.030905632,0.255867016,0.603974259,498.860671,0.002395768,0.150694588,0.377000114,0.109724859,0.268760466,0.031298117,0.129372485
Catamarca,R1-01-VO,Fall,Distal,1.704527412,0.451577693,0.941838251,0.622901943,1.040383964,0.746975106,0.777522877,0.671995307,0.002048494,0.039509077,0.021964114,0.235712404,0.597718236,932.323515,0.001215496,0.116001763,0.481581815,0.07795264,0.271826019,0.021973973,0.109745486
Catamarca,R1-01-VO,Fall,Distal,1.808995884,0.479738592,0.959857025,0.575911663,0.970799242,0.703837723,0.825593107,0.692631643,0.002612809,0.07938391,0.028968742,0.32131716,0.547602729,730.9602815,0.002276281,0.184709113,0.494122161,0.127935377,0.300914785,0.028974821,0.132422588
Catamarca,R1-01-VO,Fall,Distal,4.213755486,0.310783646,0.386812201,0.613522515,1.116846631,0.302162655,1.014165155,0.557479727,0.001599292,0.037179085,0.017652884,0.242202504,0.58896578,1194.190228,0.000989654,0.111395025,0.199526409,0.062100468,0.167919512,0.019681276,0.07522373
Tocomar,N5,Fall,Proximal,2.17944849,0.385767288,0.704049844,0.651703396,1.13437498,0.584202632,0.81260772,0.621101672,0.002754283,0.03391628,0.02324263,0.202238197,0.624283708,693.4143586,0.001337448,0.104778492,0.361926572,0.065078096,0.240683873,0.023601297,0.106235053
Tocomar,N5,Fall,Proximal,1.620820814,0.764915503,0.891156463,0.692326625,0.841730843,0.785552316,0.986777355,0.874594479,0.008429903,0.073686666,0.045657083,0.248104545,0.636355623,226.5576929,0.004729407,0.175762385,0.467164403,0.153720812,0.337587633,0.04573289,0.175848888
Tocomar,N5,Fall,Proximal,2.983551342,0.430476084,0.516587678,0.64881733,1.031255176,0.42675302,1.004352611,0.656106763,0.000697875,0.039871321,0.014889127,0.353583364,0.628931135,2736.677963,0.000596519,0.116709734,0.263939006,0.076574046,0.180004601,0.015708501,0.072851257
Tocomar,N5,Fall,Proximal,3.492406406,0.293727521,0.615909091,0.464898997,1.082987151,0.364573706,0.897593396,0.541966347,0.003091015,0.032081485,0.019743747,0.133664274,0.447569821,617.8745846,0.001391776,0.100964718,0.31593057,0.05471948,0.214179404,0.020326294,0.092106924
Tocomar,N5,Fall,Proximal,2.29802264,0.498950099,0.721052632,0.603502024,0.961778527,0.554058747,0.948965991,0.706363999,0.006175776,0.064414411,0.036333589,0.219526234,0.563972202,309.2501173,0.003513841,0.160689941,0.37615932,0.113505589,0.282496544,0.036820439,0.143680684
Tocomar,N5,Fall,Proximal,1.629033928,0.537868698,0.898148148,0.683473833,0.997565982,0.781591791,0.829560645,0.733395321,0.00089442,0.061525381,0.020219997,0.458430017,0.658575606,2135.305558,0.000939859,0.155848589,0.458669211,0.114298626,0.258311092,0.020249169,0.102751162
Tocomar,N5,Fall,Proximal,3.338641581,0.351922916,0.494186047,0.606093635,1.094363469,0.38136455,0.960624399,0.593230913,0.001707489,0.029286334,0.017374895,0.19968491,0.584462183,1118.519057,0.000881755,0.095011608,0.253583355,0.056363823,0.18580716,0.018465098,0.079748321
Tocomar,N5,Fall,Proximal,1.55653891,0.523886913,0.823255814,0.780378349,1.076536015,0.817994036,0.800283212,0.723800327,0.003397775,0.042310819,0.029644147,0.261086058,0.737491529,562.0911294,0.001782775,0.121423,0.425140123,0.087886007,0.281252975,0.029784421,0.12973141
Tocomar,N5,Fall,Proximal,2.205110939,0.607710056,0.643153527,0.705106796,0.931822858,0.57740385,1.025907899,0.779557603,0.007110479,0.021908491,0.028387683,0.118944037,0.666630804,268.5978479,0.001880789,0.078296373,0.333238094,0.061036533,0.246621489,0.029081765,0.118522493
Tocomar,N5,Fall,Proximal,3.032506453,0.364381102,0.519021739,0.635349537,1.11002346,0.419863754,0.931587667,0.603639878,0.003411385,0.035182067,0.024034971,0.188208379,0.605691586,559.8487336,0.001580643,0.107369492,0.26863828,0.064812507,0.211602623,0.025338728,0.100255713
Tocomar,N5,Fall,Proximal,1.912462261,0.393909441,0.931578947,0.561290201,1.057226014,0.665759304,0.769200526,0.627622053,0.002594639,0.064242689,0.02655337,0.272086853,0.535145209,736.0788946,0.001967582,0.160404227,0.478611956,0.10067323,0.288009797,0.026570045,0.124152093
Tocomar,N5,Fall,Proximal,1.679840936,0.643153357,0.985074627,0.604314071,0.859026868,0.757952445,0.921162588,0.801968427,0.000379644,0.039864377,0.01237668,0.40351142,0.590779901,5030.65272,0.000397473,0.116696183,0.498679472,0.093586654,0.229583168,0.01237703,0.075730806
Tocomar,N5,Fall,Proximal,2.103441376,0.630017672,0.693121693,0.685898884,0.909379564,0.605312589,1.020202803,0.793736525,0.001195006,0.0374765,0.018610466,0.299675559,0.661184175,1598.200843,0.000819254,0.111988308,0.354438292,0.088889211,0.221857937,0.018923901,0.09129986
Tocomar,N5,Fall,Proximal,2.303861109,0.621011126,0.660606061,0.657054135,0.892340245,0.552654646,1.060041281,0.788042592,0.011330393,0.052021485,0.042873354,0.169301437,0.605601369,168.5607315,0.004566859,0.139354767,0.348101968,0.109817492,0.286498408,0.043797852,0.156757413
Tocomar,N5,Fall,Proximal,2.095549553,0.73986301,1,0.477201791,0.711738266,0.607592191,1.103492957,0.860152899,0.008503773,0.065278878,0.036575382,0.157313526,0.446253421,224.5896342,0.004387886,0.162124427,0.518287691,0.139451796,0.331942573,0.036575382,0.155936105
Tocomar,N5,Fall,Proximal,2.158142086,0.611374798,0.701986755,0.660071601,0.906619336,0.589970212,1.017978777,0.781904596,0.000926877,0.06268066,0.019948936,0.442935788,0.635617503,2060.531459,0.000974472,0.157793475,0.359481584,0.123379443,0.228415169,0.02026196,0.095917495
Tocomar,N5,Fall,Proximal,2.050294757,0.652867225,0.697674419,0.699086474,0.902401789,0.621003171,1.025334392,0.808001996,0.00302709,0.092086847,0.03464605,0.409522837,0.655528906,630.9225115,0.002772135,0.203922464,0.363541638,0.164769758,0.273764405,0.035208842,0.138081127
Tocomar,N5,Fall,Proximal,1.743140398,0.427036692,0.847826087,0.676644968,1.111770286,0.730428568,0.764616597,0.653480445,0.001073322,0.030372041,0.016854766,0.266483816,0.655476483,1779.390735,0.000662931,0.097345524,0.431699213,0.063613396,0.236348873,0.016912213,0.089824029
Tocomar,N5,Fall,Proximal,1.759849044,0.63481008,0.9,0.631367284,0.882595523,0.723493614,0.936708705,0.796749697,0.003946103,0.080679867,0.034922277,0.309914109,0.592709766,483.9861334,0.003028923,0.186713957,0.466588082,0.148764289,0.310234117,0.034970747,0.147665875
Tocomar,N5,Fall,Proximal,2.182435571,0.390352934,0.709163347,0.646118666,1.123548762,0.583403039,0.817983194,0.62478231,0.004911347,0.064643198,0.034926594,0.255783621,0.60889573,388.8667087,0.003023301,0.16107021,0.369505487,0.100633818,0.276621139,0.035443506,0.139393325
Tocomar,N5,Fall,Proximal,2.406644713,0.524144138,0.609375,0.68187283,0.980587446,0.529051728,0.995351093,0.723977995,0.003697152,0.022445452,0.0224835,0.145288217,0.651554103,516.5758165,0.001235937,0.079570527,0.313733596,0.057607311,0.222565887,0.023176553,0.10012408
Tocomar,N5,Fall,Proximal,1.954208911,0.319494089,0.901960784,0.567337323,1.179387362,0.651537068,0.700264079,0.565238082,0.006035015,0.040070291,0.030178046,0.151307123,0.536381382,316.4630772,0.002521543,0.11709769,0.465329757,0.066188074,0.295812675,0.030218218,0.134133438
Tocomar,N5,Fall,Proximal,2.040726017,0.834728957,0.691358025,0.708781365,0.802923738,0.623914986,1.15667149,0.913635024,0.000760855,0.052204164,0.018187247,0.449718122,0.684936287,2510.150281,0.000756259,0.139680816,0.353369299,0.127617286,0.219899974,0.01849784,0.089857367
Tocomar,N5,Fall,Proximal,2.482466439,0.569620668,0.521327014,0.772691944,0.979755696,0.512892954,1.053851706,0.754732183,0.001510138,0.053181237,0.023193145,0.395346306,0.737557828,1264.692207,0.001209249,0.141418304,0.269484597,0.106732945,0.209517748,0.024434143,0.098030491
Tocomar,N5,Fall,Proximal,3.015508373,0.536729693,0.550161812,0.602766378,0.898751901,0.422230479,1.127464876,0.732618382,0.001278887,0.026771104,0.01552692,0.205845818,0.583911393,1493.376028,0.000684959,0.08949062,0.281098216,0.065562473,0.187776366,0.01622509,0.07619976
Tocomar,N5,Fall,Proximal,2.798773069,0.390534748,0.581395349,0.614555006,1.072064204,0.454927753,0.926528163,0.624927794,0.002727733,0.038958693,0.023063099,0.209692483,0.587322723,700.1636013,0.001457482,0.114921933,0.299815644,0.07181791,0.219684742,0.02391621,0.100572905
Tocomar,N5,Fall,Proximal,3.378812705,0.342885365,0.497005988,0.595489709,1.100005521,0.37683046,0.953896982,0.585564143,0.003208691,0.03502352,0.022591843,0.179308531,0.568437114,595.2145452,0.001512832,0.107046677,0.256958025,0.062682696,0.203314776,0.023986363,0.095085702
Tocomar,N5,Fall,Proximal,2.45873887,0.539902524,0.744245524,0.546476337,0.881969236,0.517842525,1.021077774,0.734780596,0.001935042,0.019138689,0.015686882,0.129963634,0.530304209,986.9858926,0.000721773,0.07154975,0.378963206,0.052573368,0.216742209,0.015858282,0.082968935
Tocomar,N5,Fall,Proximal,2.654551691,0.451079126,0.652694611,0.577163405,0.980077383,0.479643907,0.969765878,0.671624245,0.001983144,0.038169146,0.020226045,0.215815681,0.554853993,963.0464542,0.001162457,0.113363947,0.334704174,0.076137975,0.221782804,0.020688003,0.095016924
Tocomar,N3,Fall,Proximal,2.950361532,0.326105673,0.680851064,0.497820346,1.075050603,0.431553737,0.869284101,0.571056629,0.002060087,0.031479022,0.017913042,0.16158439,0.480787297,927.0768887,0.001048585,0.099696709,0.347952821,0.056932467,0.217223546,0.018244943,0.088609242
Tocomar,N3,Fall,Proximal,3.103128402,0.430887883,0.575289575,0.560162136,0.973044099,0.410308366,1.024771302,0.656420508,0.005707793,0.037225235,0.027678933,0.144745397,0.529429614,334.6055644,0.002313145,0.111487189,0.298545371,0.073182477,0.232338982,0.028743291,0.113188509
Tocomar,N3,Fall,Proximal,2.610140561,0.451161433,0.605555556,0.632677095,1.017306144,0.487804973,0.96170721,0.671685516,0.00079597,0.047343381,0.016636401,0.370048744,0.611965144,2399.412305,0.000730191,0.130869823,0.309455444,0.087903365,0.200725663,0.017162388,0.081838823
Tocomar,N3,Fall,Proximal,4.335478121,0.381973303,0.363354037,0.634794289,1.01025564,0.293679154,1.140459704,0.618039887,0.005744946,0.048888318,0.029711229,0.196509084,0.591542,332.4416749,0.002786077,0.133701638,0.19180375,0.082632945,0.194510516,0.033599613,0.104357753
Tocomar,N3,Fall,Proximal,3.766092101,0.305836596,0.420454545,0.63152422,1.162672502,0.338079768,0.951119608,0.553024951,0.00520038,0.032560932,0.025851798,0.154177887,0.596421843,367.2538321,0.001988323,0.101968153,0.219407599,0.056390933,0.197637362,0.028315782,0.099232831
Tocomar,N3,Fall,Proximal,2.499264947,0.50924298,0.729357798,0.54858897,0.908492623,0.509445606,0.999801111,0.713612626,0.003235147,0.058996097,0.02712687,0.233170978,0.521240936,590.3470488,0.002153495,0.151547527,0.376406915,0.108146229,0.257670714,0.027465293,0.118747879
Tocomar,N3,Fall,Proximal,2.02627167,0.355771295,0.732718894,0.673542395,1.204793281,0.628365665,0.752452742,0.59646567,0.002319773,0.040380494,0.023721049,0.248474056,0.644406725,823.2956029,0.001339915,0.117701252,0.376634925,0.070204756,0.246939066,0.024008405,0.108764917
Tocomar,N3,Fall,Proximal,3.404755475,0.5280935,0.376391982,0.780321745,0.960360807,0.373959174,1.188347112,0.72670042,0.001442988,0.031965689,0.018183772,0.288329567,0.747955249,1323.544887,0.000835533,0.100721623,0.194452991,0.073194446,0.167627588,0.020397453,0.076118242
Tocomar,N3,Fall,Proximal,2.312497518,0.526523451,0.667664671,0.647679764,0.963200525,0.550590664,0.977899981,0.725619357,0.003686017,0.031983747,0.024894026,0.175078191,0.617020759,518.1363882,0.001561913,0.100759553,0.344211057,0.073113082,0.240202443,0.025403565,0.109692681
Tocomar,N3,Fall,Proximal,2.888770343,0.46167081,0.577319588,0.599612517,0.973044099,0.440754852,1.02345242,0.679463619,0.003360555,0.036316509,0.023829863,0.182051863,0.571879012,568.3165572,0.001598365,0.109665342,0.298056621,0.07451361,0.221382105,0.024734498,0.102586911
Tocomar,N3,Fall,Proximal,2.90175282,0.33815819,0.575250836,0.599076558,1.135886805,0.438782909,0.877879896,0.581513706,0.013369295,0.052995408,0.042886062,0.148356316,0.552353607,142.8541584,0.005162938,0.141088676,0.304514494,0.082044999,0.268842372,0.044535596,0.151213339
Tocomar,N3,Fall,Proximal,1.902955287,0.513265361,0.82295082,0.638553859,0.983817887,0.669085371,0.87585096,0.716425405,0.003086421,0.085504677,0.032919904,0.354468822,0.602897236,618.794267,0.002672775,0.194085571,0.426478251,0.139047833,0.291200733,0.033076273,0.139040659
Tocomar,N3,Fall,Proximal,2.848000577,0.341973754,0.648,0.541857291,1.089811295,0.447064356,0.87460381,0.58478522,0.004188443,0.04218326,0.025985035,0.168917037,0.51525699,455.9831663,0.002045475,0.121178831,0.334705834,0.070863589,0.240293399,0.026598859,0.111992228
Tocomar,N3,Fall,Proximal,1.808237867,0.555624841,0.987804878,0.559852051,0.889575017,0.704132774,0.888307947,0.745402469,0.008537652,0.030833002,0.030874652,0.111655998,0.528545265,223.6984293,0.002668304,0.098328001,0.509245635,0.073293935,0.311797288,0.030875233,0.139023084
Tocomar,N3,Fall,Proximal,1.916954814,0.289639963,0.82295082,0.633890498,1.304862664,0.664199039,0.660359029,0.538182091,0.002180077,0.028938981,0.020319398,0.191190309,0.610886195,876.0512834,0.001029522,0.094258854,0.420735726,0.050728427,0.247938077,0.020415916,0.10097804
Tocomar,N3,Fall,Proximal,4.512458488,0.234722064,0.380246914,0.582802066,1.247770126,0.282160944,0.912070709,0.484481232,0.002996,0.017678961,0.0164835,0.113591248,0.560319688,637.4696272,0.000916217,0.067863745,0.195811282,0.032878711,0.162934846,0.018447749,0.071522008
Tocomar,N3,Fall,Proximal,1.760319094,0.528492107,0.912371134,0.622640067,0.960921265,0.723300423,0.854790906,0.726974626,0.003817087,0.075433171,0.033545946,0.295434284,0.585946798,500.3447434,0.002832666,0.178528783,0.472223642,0.129785895,0.308165907,0.03358122,0.144245492
Tocomar,N3,Fall,Proximal,2.099018626,0.475390306,0.795454545,0.598919343,0.988250891,0.606588016,0.885275097,0.689485537,0.002665093,0.042243086,0.023901889,0.217182849,0.572540579,716.6201163,0.001514646,0.121293377,0.408455961,0.083630029,0.257472392,0.024058523,0.111548036
Tocomar,N3,Fall,Proximal,2.674810749,0.44805694,0.615384615,0.607519616,1.002272604,0.476011077,0.970192862,0.669370555,0.002420856,0.044086376,0.023133937,0.234355671,0.581193529,788.9191102,0.001461665,0.124796652,0.317034859,0.083535204,0.225708222,0.023818926,0.102299779
Tocomar,N3,Fall,Proximal,2.642477449,0.524337567,0.578034682,0.654688652,0.954217243,0.481835539,1.043172364,0.724111571,0.006453063,0.0596426,0.036518193,0.222572677,0.608497313,295.9616709,0.003437273,0.152652661,0.303424085,0.110537558,0.255377859,0.037898226,0.136154657
Tocomar,N3,Fall,Proximal,1.935708358,0.485616923,0.88125,0.586220423,0.971765674,0.657764141,0.859234704,0.696862198,0.003330767,0.077372025,0.031335754,0.295985149,0.553793699,573.399236,0.00263078,0.181574968,0.455362597,0.126532731,0.296154678,0.031398369,0.136776416
Tocomar,N3,Fall,Proximal,2.06660979,0.456973848,0.748987854,0.64605091,1.042829308,0.616100606,0.8612314,0.675998408,0.003961236,0.048258572,0.029497506,0.224273896,0.610554371,482.1372545,0.00215577,0.13255099,0.387391622,0.089604258,0.26833189,0.029806069,0.126358376
Tocomar,N3,Fall,Proximal,2.554968316,0.47293384,0.597633136,0.654907271,1.009264325,0.498338683,0.974177053,0.687701854,0.002330968,0.027517212,0.020175115,0.186446865,0.628732937,819.3415584,0.001040941,0.091145721,0.306874676,0.062681081,0.21276454,0.020847104,0.092701169
Tocomar,N3,Fall,Proximal,2.930055978,0.32327813,0.734615385,0.464583801,1.049894404,0.434544444,0.862523749,0.568575527,0.007619591,0.072205171,0.035575323,0.170079681,0.435007572,250.6511647,0.0043618,0.173398579,0.382735068,0.098590189,0.283004945,0.035999133,0.142352227
Tocomar,N3,Fall,Proximal,2.758515833,0.542321213,0.595930233,0.608315805,0.908019129,0.461566879,1.083954312,0.736424615,0.004738723,0.048433042,0.029748185,0.199540934,0.573471753,403.0324738,0.002435199,0.132870273,0.309834123,0.09784894,0.241850282,0.03075011,0.11984165
Tocomar,N3,Fall,Proximal,1.679398355,0.535117731,0.793939394,0.749995962,1.04223496,0.758152193,0.840129962,0.731517417,0.001877214,0.040553948,0.023465621,0.297247762,0.717040165,1017.390505,0.001166891,0.118038068,0.407493672,0.086346902,0.25566173,0.023621972,0.110142196
Tocomar,N3,Fall,Proximal,2.894670514,0.403725478,0.552147239,0.625670902,1.056329412,0.439856467,0.958048704,0.635393955,0.001765756,0.062339463,0.023398155,0.338207763,0.598160084,1081.610222,0.001492089,0.157220331,0.285152965,0.099896848,0.215631968,0.024437517,0.100148803
Tocomar,N3,Fall,Proximal,1.582032086,0.445839178,0.930232558,0.679505814,1.093373494,0.804812719,0.744289169,0.667711897,0.031702153,0.187001946,0.096706333,0.295385262,0.579107354,60.24383683,0.021279218,0.327012297,0.511782707,0.218350001,0.442801106,0.096769565,0.289959155
Tocomar,N3,Fall,Proximal,1.868781247,0.44045472,0.841059603,0.636230902,1.061151079,0.681320805,0.80403473,0.663667627,0.023615164,0.143429324,0.077251075,0.25460506,0.557778663,80.874278,0.014651599,0.274005092,0.456085759,0.181848309,0.391071696,0.077540571,0.244900915
Tocomar,N3,Fall,Proximal,2.263715111,0.353230503,0.773809524,0.570879121,1.117449664,0.562455734,0.792473823,0.59433198,0.058370512,0.274623283,0.123123338,0.264001966,0.468756639,32.71959159,0.041300279,0.422498239,0.441504099,0.251104215,0.438817372,0.124136739,0.324260612
Tocomar,N3,Fall,Proximal,2.351232692,0.31377645,0.745762712,0.570300462,1.182038835,0.541520007,0.761207255,0.560157522,0.011894247,0.097331347,0.050675618,0.220582438,0.521408288,160.5700071,0.007162405,0.211593257,0.394998257,0.118525555,0.320714291,0.051221694,0.180458962
Tocomar,N3,Fall,Proximal,2.975235849,0.334818936,0.563218391,0.596762843,1.136029412,0.427945753,0.884526087,0.578635409,0.025678788,0.159189298,0.076889235,0.249723288,0.519794965,74.37497771,0.016608281,0.293726126,0.311657862,0.169960337,0.323477449,0.080078658,0.22062583
Tocomar,N3,Fall,Proximal,2.931341822,0.359987105,0.612716763,0.556767368,1.069892473,0.434353829,0.910377771,0.599989254,0.025527124,0.100800021,0.064175959,0.171214005,0.495331838,74.81686116,0.012198528,0.216591005,0.332232793,0.129952275,0.316509496,0.066110523,0.200446592
Tocomar,N3,Fall,Proximal,2.34017719,0.204520866,0.821705426,0.520038028,1.406382979,0.544078265,0.61310961,0.452239833,0.013531155,0.143642908,0.058220805,0.252930787,0.475449191,141.1453268,0.010117622,0.274277043,0.437368002,0.124039004,0.351895872,0.058501673,0.202423206
Tocomar,N3,Fall,Proximal,2.197463318,0.525799961,0.691489362,0.658101473,0.974842767,0.579413333,0.952611966,0.725120653,0.024510801,0.236474538,0.093270944,0.367137113,0.565265443,77.91909083,0.020961724,0.382404438,0.385186383,0.277289355,0.379248364,0.094862135,0.263841156
Tocomar,N3,Fall,Proximal,2.706764717,0.154297724,0.643382353,0.574222689,1.668903803,0.470391659,0.572730028,0.392807489,0.010994619,0.04893881,0.038911563,0.144519112,0.536919923,173.7085565,0.004297555,0.133793681,0.33767782,0.05255516,0.274001,0.039861416,0.146037149
Tocomar,N3,Fall,Proximal,2.000657678,0.20571774,0.884615385,0.565031587,1.465986395,0.636410496,0.56854809,0.453561175,0.054845531,0.225768909,0.113333544,0.235075128,0.474500398,34.822515,0.034769838,0.370774129,0.495705227,0.16816875,0.455444258,0.113546555,0.317399466
Tocomar,N3,Fall,Proximal,2.088809947,0.265972014,0.785714286,0.609307359,1.331666667,0.609552605,0.660560157,0.515724746,0.018312473,0.142081915,0.069147211,0.264912011,0.543776899,104.2928136,0.012289181,0.272286349,0.423726434,0.140424808,0.364703921,0.069650513,0.224129337
Tocomar,N3,Fall,Proximal,2.777614679,0.159052467,0.735632184,0.489403736,1.536423841,0.458393151,0.589048623,0.398813825,0.018886622,0.1657502,0.065829587,0.234899804,0.441744766,101.1223376,0.013901809,0.301742191,0.396380079,0.120338957,0.347672107,0.066606784,0.213551984
Tocomar,N3,Fall,Proximal,3.413516133,0.11585657,0.547770701,0.534809658,1.820987654,0.372999422,0.557322087,0.3403771,0.010733522,0.067279048,0.040644379,0.168272513,0.498290998,177.9340737,0.005228942,0.165419445,0.289612395,0.056304991,0.25828071,0.042498903,0.14404716
Tocomar,N3,Fall,Proximal,3.217771304,0.157550103,0.85106383,0.365159574,1.344827586,0.395689881,0.631003653,0.396925815,0.016843654,0.042187177,0.034703803,0.071967847,0.34405209,113.3874735,0.005173013,0.121186333,0.441591654,0.048101984,0.301238309,0.034816684,0.145138583
Tocomar,N4,Fall,Proximal,2.403014341,0.120050958,0.904,0.460336283,1.733193277,0.529850997,0.475998887,0.346483705,0.011756959,0.09421928,0.04557607,0.177126777,0.430955466,162.4450139,0.006954869,0.20705856,0.473694209,0.071742417,0.339766652,0.045634112,0.176227187
Tocomar,N4,Fall,Proximal,2.340702211,0.12324685,0.966666667,0.441954023,1.677966102,0.543956228,0.475998887,0.351065307,0.029265315,0.12428078,0.066538564,0.151327701,0.399588995,65.26016678,0.015363984,0.249040118,0.516048127,0.087429345,0.398428421,0.066548124,0.22940967
Tocomar,N4,Fall,Proximal,4.442903375,0.094384939,0.616129032,0.365309914,1.693612774,0.286578266,0.57389141,0.307221319,0.007679242,0.071165626,0.031143513,0.133855819,0.348809942,248.7041565,0.00434235,0.171730269,0.3206475,0.0527592,0.249360945,0.032061054,0.124623022
Tocomar,N4,Fall,Proximal,2.902391497,0.230296769,0.625,0.551269531,1.334134615,0.438686354,0.724547495,0.479892455,0.035144484,0.130600224,0.078048097,0.183077169,0.483576107,54.34307528,0.017941819,0.257412292,0.344207039,0.123530217,0.34094833,0.080213169,0.228986479
Tocomar,N4,Fall,Proximal,3.633475154,0.07461405,0.550684932,0.499775097,2.195229682,0.350419224,0.461441174,0.273155724,0.006470511,0.069699815,0.033657072,0.191116435,0.47364018,295.1635998,0.003820433,0.169363992,0.288390344,0.046262744,0.243122059,0.035165622,0.127339845
Tocomar,N4,Fall,Proximal,1.867528271,0.497829338,0.941176471,0.568933824,0.946969697,0.681777922,0.854513202,0.705570222,0.0456719,0.248078846,0.110216161,0.266219868,0.477454517,41.81694461,0.032771146,0.394814555,0.52407549,0.278569393,0.465211514,0.1102668,0.316190366
Tocomar,N4,Fall,Proximal,2.894881484,0.111070968,0.704402516,0.490397574,1.833948339,0.439824411,0.502528402,0.333273113,0.010096116,0.114007808,0.047067492,0.226230535,0.458358862,189.167728,0.007134963,0.235120085,0.372256746,0.078359203,0.304575319,0.047791733,0.169456094
Tocomar,N4,Fall,Proximal,3.472448058,0.147278093,0.688172043,0.418472782,1.468152866,0.36666914,0.633770318,0.38376828,0.011068693,0.097089078,0.042272757,0.167147999,0.392071364,172.5460534,0.006815696,0.21124199,0.361926943,0.081067975,0.290657433,0.043012904,0.15693523
Tocomar,N4,Fall,Proximal,2.379063678,0.200341586,0.761658031,0.551866342,1.457352941,0.535185147,0.611833887,0.447595337,0.016812204,0.087480695,0.05407422,0.177165466,0.501624904,113.5995784,0.008401503,0.197064388,0.404644087,0.088205101,0.331040123,0.05457602,0.189314369
Tocomar,N4,Fall,Proximal,1.83415553,0.257236775,0.937062937,0.581828619,1.332129964,0.694182976,0.608736788,0.507185148,0.028361619,0.09636029,0.069153347,0.168792872,0.520161398,67.33957401,0.012698482,0.210183555,0.502020065,0.106601977,0.397403694,0.069189877,0.233617228
Tocomar,N4,Fall,Proximal,2.46617074,0.19067382,0.754237288,0.537611883,1.473429952,0.516281993,0.607717923,0.436662135,0.016113979,0.058036525,0.045874823,0.13321548,0.496313049,118.5218916,0.006212531,0.149899758,0.397237476,0.065455548,0.311922653,0.046331755,0.169480298
Tocomar,N4,Fall,Proximal,3.510230316,0.301590052,0.5546875,0.513589349,1.108040201,0.362722508,0.911845487,0.549172151,0.012317164,0.213380645,0.061736261,0.337091475,0.464652084,155.0567408,0.012372086,0.357083692,0.301338898,0.196100419,0.298584509,0.0644361,0.190329987
Tocomar,N4,Fall,Proximal,2.47919946,0.296686329,0.695238095,0.580169602,1.219101124,0.513568821,0.760062739,0.544689204,0.004738055,0.107118574,0.038606509,0.325078908,0.542075455,403.0892742,0.004133415,0.225550186,0.363980854,0.122854751,0.283355471,0.039245915,0.148192611
Tocomar,N4,Fall,Proximal,2.862426547,0.359504274,0.593406593,0.588726089,1.096551724,0.444811255,0.899009218,0.599586753,0.018132709,0.147800035,0.06674022,0.26275648,0.522497139,105.3267499,0.012534025,0.279543688,0.323289373,0.167610692,0.315994026,0.069025262,0.203934232
Tocomar,N4,Fall,Proximal,2.844482611,0.171769462,0.813186813,0.432321057,1.398484848,0.447617271,0.619468974,0.414450795,0.006653118,0.117855572,0.039131399,0.23262711,0.407843378,287.0623109,0.005523944,0.240380968,0.424331541,0.099626083,0.306696923,0.039340762,0.155426823
Tocomar,N4,Fall,Proximal,2.746575904,0.149905693,0.674863388,0.539501338,1.649265905,0.463573405,0.568656237,0.387176566,0.006634017,0.05704639,0.033707851,0.177978873,0.509944506,287.8888059,0.003398878,0.14818996,0.351545705,0.05737568,0.267074306,0.034361533,0.134454443
Tocomar,N4,Fall,Proximal,2.031490015,0.336586749,0.991304348,0.496567506,1.076419214,0.626751564,0.732825873,0.580160968,0.017158956,0.173571885,0.065725778,0.251761249,0.445981444,111.3039334,0.013447635,0.311161784,0.528372181,0.180523922,0.401806351,0.065726404,0.228852635
Tocomar,N4,Fall,Proximal,4.084746678,0.108106024,0.650909091,0.3761097,1.615638767,0.311705877,0.588914778,0.328794806,0.004416847,0.029190219,0.0195084,0.090197998,0.362642217,432.4032808,0.001657928,0.094803617,0.333506194,0.031170937,0.218849244,0.019959729,0.092699297
Tocomar,N4,Fall,Proximal,2.504883102,0.163572269,0.75,0.532293636,1.582298137,0.50830298,0.567274827,0.404440687,0.020111252,0.077941608,0.054282641,0.14956765,0.485227577,94.96471639,0.008766066,0.182465002,0.398748655,0.073796271,0.329036008,0.05484517,0.189073378
Tocomar,N4,Fall,Proximal,2.011074919,0.219117453,0.891156463,0.557978917,1.411870504,0.63311393,0.588298242,0.468099832,0.015800768,0.10651671,0.057357882,0.208905078,0.505868968,120.8712988,0.009191711,0.224704531,0.472696414,0.105184153,0.36426282,0.057453117,0.204321996
Tocomar,N4,Fall,Proximal,4.494190217,0.187786142,0.412429379,0.539509326,1.366,0.283307889,0.814146266,0.433342984,0.010653952,0.06191441,0.037601095,0.160477504,0.500084302,179.2629974,0.00492267,0.156504859,0.219491912,0.067820282,0.222072924,0.041348756,0.126477612
Tocomar,N4,Fall,Proximal,2.038533751,0.287667965,0.695364238,0.705455692,1.365234375,0.624585953,0.678655924,0.53634687,0.025207393,0.201960207,0.092200615,0.348492476,0.602879658,75.76584133,0.019224789,0.344226159,0.386760526,0.184624623,0.378785255,0.093726126,0.26224554
Tocomar,N4,Fall,Proximal,2.964779894,0.111208727,0.763888889,0.441547419,1.75,0.429454998,0.508874401,0.333479725,0.005003553,0.038687101,0.024630688,0.123460165,0.425050782,381.7006456,0.002173846,0.114387207,0.392805893,0.038145814,0.25506409,0.024854365,0.112671213
Tocomar,N4,Fall,Proximal,2.123266431,0.175201947,0.815286624,0.57767715,1.600877193,0.599660752,0.540526078,0.418571317,0.008100203,0.04251331,0.034271149,0.14651482,0.546262373,235.7791987,0.003191633,0.121810095,0.423196302,0.050986212,0.293799735,0.03444996,0.14246997
Tocomar,N4,Fall,Proximal,4.771665044,0.107722125,0.429292929,0.488175876,1.729681979,0.266833387,0.635378289,0.328210488,0.02686678,0.116131181,0.060858279,0.16400326,0.435861373,71.0862764,0.01387103,0.238030475,0.236392541,0.078124098,0.265290409,0.066379511,0.175692697
Tocomar,N4,Fall,Proximal,2.435475113,0.144152841,0.931034483,0.441012133,1.549107143,0.522788978,0.525107706,0.379674651,0.019309229,0.116080844,0.05642144,0.165073623,0.404317929,98.9091418,0.011126265,0.237961686,0.492755178,0.09034802,0.370160427,0.056457457,0.204173094
Tocomar,N4,Fall,Proximal,3.196694025,0.098751433,0.686440678,0.455717723,1.870603015,0.398298847,0.497928721,0.314247407,0.008702314,0.060304407,0.03462703,0.142716718,0.430679533,219.4656791,0.004226572,0.153779828,0.357819447,0.048324912,0.271635446,0.035241534,0.137463734
Tocomar,N4,Fall,Proximal,3.853961678,0.139417763,0.549180328,0.472473697,1.560846561,0.330371615,0.649617464,0.373386881,0.018263804,0.13070334,0.057058569,0.19475091,0.428133443,104.5707288,0.011603376,0.257547768,0.296688667,0.096164958,0.289536026,0.059639689,0.180249932
Tocomar,N4,Fall,Proximal,2.567846197,0.315645588,0.833333333,0.467317708,1.073863636,0.495839489,0.797864801,0.561823449,0.02404307,0.12732722,0.064038425,0.171986945,0.420000063,79.43491815,0.013696403,0.253093411,0.446017611,0.142193813,0.365726934,0.064304698,0.216189029
Tocomar,N4,Fall,Proximal,3.577971754,0.229000534,0.628272251,0.444851658,1.202572347,0.355855114,0.802198124,0.478540003,0.002440854,0.04619182,0.020218382,0.176683958,0.428527834,782.4552785,0.001516132,0.128738975,0.322366383,0.061606749,0.217869833,0.020766795,0.094058346
Tocomar,N13A,Flow,Flow,2.219832784,0.318330329,0.642553191,0.701084965,1.283678756,0.57357453,0.744979085,0.564207701,0.012961553,0.080529686,0.053721474,0.233726856,0.639735118,147.3480316,0.006684585,0.18648218,0.343336691,0.105214682,0.304917361,0.055040558,0.180579528
Tocomar,N13A,Flow,Flow,2.008468835,0.388516313,0.844155844,0.58981019,1.088028169,0.633935425,0.782856422,0.623310767,0.02592179,0.034060435,0.047339043,0.087073617,0.541384389,73.67775585,0.005978734,0.105075177,0.443903065,0.065494489,0.332764185,0.047508989,0.177811936
Tocomar,N13A,Flow,Flow,3.359380045,0.160775868,0.62745098,0.474417892,1.481927711,0.379010272,0.651305794,0.400968663,0.02040345,0.153204029,0.063743871,0.210159632,0.427469877,93.60472621,0.013888274,0.286316774,0.339660496,0.114804054,0.319275346,0.065482681,0.200802509
Tocomar,N13A,Flow,Flow,3.095046854,0.2500687,0.691176471,0.467459324,1.191304348,0.411379732,0.77966533,0.500068695,0.065826607,0.260109806,0.113308549,0.201768239,0.391623017,29.01348581,0.043155671,0.407478298,0.393494423,0.203767141,0.404579169,0.115246338,0.299060288
Tocomar,N13A,Flow,Flow,4.543389368,0.209902039,0.51,0.431568627,1.201986755,0.280240024,0.865452522,0.458150672,0.005883265,0.110048506,0.034791547,0.229960239,0.405567422,324.6257245,0.004861842,0.229644528,0.268133809,0.105211795,0.237500004,0.036782022,0.127481929
Tocomar,N13A,Flow,Flow,2.315662651,0.2798934,0.774193548,0.557795699,1.240909091,0.549838097,0.713475255,0.529049525,0.006857691,0.053366808,0.034186532,0.173230624,0.524940758,278.4989058,0.003323777,0.14174709,0.402260155,0.074991231,0.286346491,0.034466825,0.140461577
Tocomar,N13A,Flow,Flow,2.725845049,0.125258854,0.918518519,0.399402628,1.581081081,0.467099018,0.517844943,0.353919276,0.006898749,0.094174762,0.035460596,0.182602109,0.379126552,276.8413861,0.004873067,0.206993332,0.476267212,0.07325893,0.314960905,0.035492621,0.149870748
Tocomar,N13A,Flow,Flow,2.102669405,0.328453219,0.9375,0.507291667,1.100806452,0.605534823,0.736490585,0.573108383,0.026599345,0.191945133,0.079606673,0.238495482,0.446218628,71.80099007,0.01926184,0.332750004,0.507309482,0.190701817,0.4165919,0.079648124,0.256086994
Tocomar,N13A,Flow,Flow,2.876859504,0.165618931,0.779661017,0.445836404,1.442857143,0.442579675,0.611729263,0.406963059,0.046130115,0.263137887,0.100164355,0.220877065,0.387599846,41.40157246,0.034311868,0.410634646,0.434395158,0.167113131,0.411126468,0.100940995,0.284598038
Tocomar,N13A,Flow,Flow,3.105280528,0.216365774,0.592783505,0.543254146,1.357605178,0.410024,0.726423093,0.465151345,0.011791139,0.098915512,0.048535692,0.213758838,0.498279672,161.9741133,0.007198011,0.213883001,0.315718465,0.099487966,0.284028136,0.050204185,0.165382709
Tocomar,N13A,Flow,Flow,2.190420561,0.146709825,0.893333333,0.511044776,1.651408451,0.581276293,0.502386885,0.383027185,0.011120658,0.13498904,0.053126668,0.254609919,0.471903509,171.7397825,0.008516969,0.263147353,0.471813289,0.10079259,0.355501197,0.053211181,0.194402037
Tocomar,N13A,Flow,Flow,4.088645038,0.135461948,0.52173913,0.468777957,1.565079365,0.311408678,0.659543285,0.368051556,0.008605512,0.112843803,0.041805739,0.225352364,0.43758164,221.9344194,0.006370429,0.233516986,0.276773923,0.08594629,0.255074187,0.044037172,0.144830546
Tocomar,N13A,Flow,Flow,4.223070018,0.185023055,0.494845361,0.478522337,1.34137931,0.301496196,0.783379145,0.430143064,0.013051007,0.158914557,0.054021256,0.252434308,0.43657578,146.338082,0.010565034,0.293388073,0.267611036,0.126198844,0.271352286,0.057397926,0.169023944
Tocomar,N13A,Flow,Flow,3.694080997,0.199448448,0.675324675,0.400849151,1.23255814,0.344670175,0.760700108,0.446596516,0.03297148,0.209052989,0.077247456,0.188042182,0.356667803,57.92458497,0.023528575,0.35223912,0.37001598,0.157308764,0.352226422,0.078740264,0.232030969
Tocomar,N13A,Flow,Flow,2.325479163,0.171780421,0.843478261,0.509816226,1.521226415,0.547517073,0.560128923,0.414464017,0.010587664,0.160736601,0.055315699,0.291097735,0.470398417,180.3853415,0.009259958,0.295626381,0.447232452,0.122526497,0.350356442,0.055516168,0.196956661
Tocomar,N13A,Flow,Flow,2.574209246,0.266163948,0.760869565,0.510559006,1.216049383,0.49461385,0.733569858,0.515910794,0.029027096,0.166141032,0.077608079,0.211394876,0.448821447,65.79574233,0.018543259,0.302216335,0.414599209,0.15591667,0.373225619,0.078333769,0.239778869
Tocomar,N13A,Flow,Flow,2.766393443,0.414331935,0.733333333,0.492929293,0.955128205,0.460252517,0.94880315,0.643686209,0.035451801,0.185512465,0.084325282,0.205437657,0.427789543,53.87199652,0.022803772,0.325273536,0.403207622,0.209374089,0.377025253,0.085341286,0.250796056
Tocomar,N13A,Flow,Flow,3.304883806,0.224927066,0.521912351,0.579757307,1.35078534,0.385260003,0.764088911,0.474264763,0.00580632,0.085043772,0.036936718,0.260697783,0.541483182,328.9276484,0.004058461,0.193387475,0.275009787,0.091716865,0.244796484,0.038906232,0.133465372
Tocomar,N13A,Flow,Flow,2.346784922,0.313185912,0.849206349,0.501780151,1.118025751,0.542546329,0.759770968,0.559630157,0.008640367,0.116539377,0.045774154,0.244121462,0.464838738,221.039132,0.00652633,0.238587925,0.445764638,0.133520998,0.330011934,0.045927107,0.17416284
Tocomar,N13A,Flow,Flow,2.877146631,0.163616456,0.765151515,0.454245425,1.463519313,0.442535508,0.608050191,0.40449531,0.010523436,0.093095562,0.043017393,0.179014061,0.424597923,181.4862795,0.006408014,0.205408929,0.401558812,0.083086949,0.307407535,0.043403261,0.163018204
Tocomar,N13A,Flow,Flow,1.91862955,0.176121904,0.821428571,0.63451087,1.674019608,0.663619272,0.515165999,0.419668803,0.006612767,0.058681646,0.037339145,0.212882511,0.594952658,288.8139263,0.003456125,0.151008546,0.427716932,0.063373576,0.303416206,0.037519895,0.151051983
Tocomar,N13A,Flow,Flow,3.306355932,0.226312238,0.60130719,0.502983802,1.279591837,0.385088469,0.766608734,0.475722859,0.013814038,0.093575869,0.048368661,0.180551201,0.46070749,138.2549589,0.007708835,0.206114832,0.320016866,0.098053537,0.285562848,0.049941378,0.165630053
Tocomar,N13A,Flow,Flow,3.288590604,0.333349218,0.514285714,0.591269841,1.117924528,0.38716876,0.927896564,0.577364025,0.076520149,0.274542744,0.131435352,0.251651646,0.472971346,24.95890746,0.049460245,0.42241563,0.306900526,0.243887589,0.371277098,0.138767509,0.304338256
Tocomar,N13A,Flow,Flow,2.567409877,0.245130449,0.720720721,0.540427928,1.298429319,0.495923754,0.703058033,0.495106503,0.013709181,0.189380074,0.064933305,0.31587648,0.489076491,139.3124312,0.012271461,0.329778892,0.388293381,0.163275674,0.342745402,0.065805834,0.210566386
Tocomar,N13A,Flow,Flow,3.006275791,0.143576025,0.818181818,0.406556919,1.483823529,0.423527192,0.582237687,0.378914271,0.012549518,0.11060003,0.045987147,0.170220049,0.379829425,152.1858744,0.008083273,0.230411152,0.429994158,0.087306074,0.324611974,0.046218822,0.173152209
Tocomar,N13A,Flow,Flow,2.358884362,0.271719211,0.74742268,0.567188055,1.266961652,0.539763443,0.709509866,0.521266929,0.003776872,0.060901445,0.029454718,0.23461035,0.538335367,505.6722694,0.002438778,0.154793148,0.386578801,0.080688549,0.267935158,0.029767318,0.126171516
Tocomar,N13A,Flow,Flow,2.775125628,0.146839169,0.79787234,0.451631206,1.544378698,0.45880429,0.565727413,0.383195993,0.01129589,0.118907182,0.047756356,0.20448724,0.418330861,169.0755953,0.00790833,0.241808775,0.420401128,0.092660153,0.324761458,0.048061059,0.176440228
Tocomar,N13A,Flow,Flow,1.767916821,0.410849179,0.913043478,0.619507706,1.087121212,0.720191996,0.755295795,0.640975179,0.017261153,0.142038776,0.068594739,0.273155563,0.551241033,110.6449444,0.011811822,0.272231232,0.489327919,0.174493462,0.391284254,0.068665712,0.231010491
Tocomar,N13A,Flow,Flow,3.020789298,0.22527632,0.544891641,0.607532367,1.390781563,0.421492338,0.731076677,0.474632826,0.003594713,0.03957704,0.025048703,0.191131434,0.577898277,531.29669,0.001770398,0.116134755,0.282120203,0.055121367,0.219274336,0.026211881,0.104408385
Tocomar,N13A,Flow,Flow,1.945235756,0.223955555,0.943820225,0.544676297,1.38150289,0.654542536,0.584940892,0.473239427,0.004424441,0.044144812,0.027604124,0.172366324,0.51909766,431.6611265,0.002186878,0.124906906,0.485324476,0.059110872,0.293649849,0.02761566,0.127766951
Tocomar,N13A,Flow,Flow,1.316872428,0.589025898,0.95,0.799342105,1.032051282,0.966866279,0.780519914,0.767480226,0.008332798,0.144811879,0.06140345,0.452772813,0.7167906,229.1978503,0.007363129,0.275763083,0.504934182,0.211642713,0.384568462,0.061423646,0.216813623
Tocomar,N13A,Flow,Flow,2.237762238,0.318344494,0.825,0.541666667,1.150684932,0.568978922,0.747998251,0.564220253,0.019528797,0.145663337,0.067201502,0.233396458,0.483387517,97.79707876,0.013042162,0.276842972,0.443160685,0.156200412,0.369846858,0.067512607,0.22258511
Tocomar,N13A,Flow,Flow,3.159774436,0.361446214,0.487804878,0.648780488,1.114754098,0.40295267,0.947097785,0.60120397,0.069782773,0.304873774,0.13669362,0.303762453,0.509532304,27.36863589,0.049878258,0.45298106,0.294745798,0.272334012,0.367426201,0.145593222,0.307559914
Tocomar,N13A,Flow,Flow,2.9465355,0.301818032,0.578313253,0.58684739,1.190839695,0.432114103,0.8357442,0.549379679,0.018909129,0.099777873,0.058909219,0.197632458,0.525175289,101.0019726,0.009919039,0.215124313,0.312400927,0.118184926,0.29957337,0.061131478,0.186630191
Tocomar,N13A,Flow,Flow,1.851322204,0.185740595,0.824858757,0.654844826,1.656346749,0.687746056,0.519684018,0.430976327,0.002915489,0.031396999,0.023401409,0.189579598,0.628316867,655.0735085,0.001319468,0.09952345,0.423105445,0.042892251,0.260179825,0.023509937,0.110961206
Tocomar,N13A,Flow,Flow,1.803626943,0.342770864,0.915254237,0.605775267,1.17699115,0.70593287,0.696819423,0.585466365,0.012734191,0.10092529,0.054599862,0.234564805,0.550740664,149.9788483,0.007679153,0.216770412,0.483770273,0.126911785,0.363058473,0.05465339,0.199039345
Tocomar,N11F,Flow,Flow,2.038586674,0.22232863,0.870056497,0.563797784,1.407854985,0.624569738,0.59663294,0.471517369,0.005340079,0.073542134,0.035455585,0.236550373,0.531671313,357.6462601,0.003483815,0.175532479,0.451604236,0.082766613,0.306680113,0.035541493,0.147979137
Tocomar,N11F,Flow,Flow,2.013882682,0.163746611,0.973076923,0.510291882,1.564327485,0.63223124,0.508918436,0.404656163,0.002734398,0.034397629,0.020938694,0.160368235,0.492063154,698.4569776,0.001343567,0.105767525,0.496866875,0.042799481,0.271896488,0.020940644,0.107106259
Tocomar,N11F,Flow,Flow,1.661234568,0.445491159,0.948275862,0.634796238,1.057522124,0.766441759,0.76239487,0.667451241,0.037613865,0.160794245,0.0938291,0.234225055,0.540277144,50.77540698,0.021564765,0.295697056,0.519839174,0.197363367,0.442551924,0.093862184,0.285595262
Tocomar,N11F,Flow,Flow,1.887581699,0.303410981,1,0.529778393,1.171052632,0.6745348,0.670677083,0.550827542,0.117967974,0.260925479,0.149070371,0.188372953,0.42143242,16.18964239,0.063804722,0.408329722,0.574535186,0.224919257,0.530229367,0.149070371,0.387743888
Tocomar,N11F,Flow,Flow,4.105090312,0.359022317,0.38,0.641052632,1.057971014,0.310161153,1.075887895,0.59918471,0.046514321,0.187290273,0.095419309,0.245245153,0.525775131,41.05959752,0.027504285,0.327348345,0.222919662,0.196142123,0.292475608,0.106805486,0.227582826
Tocomar,N11F,Flow,Flow,1.918715847,0.401719945,0.79245283,0.657681941,1.126315789,0.663589425,0.778057994,0.633813809,0.035880318,0.162887522,0.093988902,0.24955078,0.560486845,53.22860622,0.021077955,0.298257846,0.438344084,0.189039942,0.40565414,0.094625374,0.274217389
Tocomar,N11F,Flow,Flow,2.578947368,0.238556002,0.74025974,0.523809524,1.298507463,0.49370513,0.695122512,0.488421951,0.004808714,0.078367113,0.033345996,0.236506158,0.493430976,397.1663347,0.003389281,0.183128483,0.384637544,0.089443971,0.277973865,0.033723738,0.136647051
Tocomar,N11F,Flow,Flow,3.107964895,0.269144712,0.489051095,0.657914806,1.301470588,0.40966986,0.810542737,0.518791588,0.000803776,0.046060843,0.01635508,0.377203099,0.636369602,2376.108605,0.000721623,0.128495501,0.250613935,0.066662385,0.181257301,0.017412261,0.076386629
Tocomar,N11F,Flow,Flow,2.39672323,0.258920807,0.8125,0.513521635,1.24137931,0.531241792,0.698131701,0.508842615,0.005584492,0.089916774,0.036558082,0.241911082,0.481478919,341.9933597,0.004104076,0.200706056,0.422815381,0.102127794,0.299698749,0.03675528,0.148565033
Tocomar,N11F,Flow,Flow,2.63973064,0.32446788,0.669642857,0.565714286,1.147058824,0.482336919,0.820182697,0.569620822,0.003534241,0.054882992,0.027491176,0.222553497,0.536861581,540.3874247,0.002176816,0.144419284,0.34629654,0.082264231,0.24862419,0.028045635,0.117241091
Tocomar,N11F,Flow,Flow,2.442665674,0.321533222,0.777777778,0.526357045,1.125,0.521250025,0.785398163,0.567038995,0.011416313,0.069975259,0.043085641,0.165188061,0.487005123,167.2921247,0.005593015,0.169809901,0.408038063,0.096288835,0.309988218,0.043426244,0.163844891
Tocomar,N11F,Flow,Flow,3.853639171,0.21817685,0.459330144,0.564942185,1.324590164,0.330399264,0.812614931,0.467094048,0.003907498,0.050267228,0.026145832,0.202781526,0.534608449,488.767885,0.002195103,0.136204031,0.239203922,0.063620092,0.206165974,0.028149038,0.102498299
Tocomar,N11F,Flow,Flow,2.266213055,0.246832675,0.726027397,0.607779788,1.373015873,0.561835765,0.662821571,0.496822579,0.00863005,0.030161057,0.031697852,0.119434204,0.57401865,221.3033832,0.002648331,0.096894184,0.376691539,0.048139218,0.27081134,0.032104878,0.131500709
Tocomar,N11F,Flow,Flow,2.481824021,0.374650814,0.669064748,0.602227895,1.101293103,0.513025716,0.854562385,0.61208726,0.004476647,0.081927281,0.035098909,0.286452518,0.563954127,426.6272129,0.003328537,0.188633589,0.349177962,0.115460217,0.269609372,0.035809869,0.137795373
Tocomar,N11F,Flow,Flow,2.394098479,0.421125429,0.686956522,0.608035223,1.046391753,0.531824215,0.889859988,0.648941777,0.005292115,0.060426739,0.033758132,0.223021155,0.57038865,360.8877089,0.003037885,0.153987725,0.357715386,0.099929068,0.269439036,0.03435482,0.135197757
Tocomar,N11F,Flow,Flow,1.696205723,0.345699496,0.922413793,0.639139542,1.204035874,0.750639812,0.678630815,0.587962156,0.005367877,0.099851578,0.04189507,0.327515032,0.594360074,355.7941595,0.004286512,0.215230239,0.481341811,0.126547235,0.333658245,0.041929231,0.167483559
Tocomar,N11F,Flow,Flow,4.950630828,0.270526962,0.421052632,0.479736842,1.077777778,0.257187334,1.025605849,0.520122064,0.011622219,0.129151228,0.046849382,0.226434506,0.436369261,164.3282809,0.008516428,0.255504779,0.227170175,0.132893673,0.241105327,0.05129982,0.147101933
Tocomar,N11F,Flow,Flow,2.175080559,0.641936408,0.744444444,0.617578773,0.859872611,0.58537581,1.047197551,0.801209341,0.003212292,0.071130818,0.030608144,0.298044425,0.58292845,594.5472636,0.002427994,0.171674268,0.385570774,0.137547027,0.270872851,0.030941973,0.12929437
Tocomar,N11F,Flow,Flow,4.192248062,0.277189872,0.403846154,0.590659341,1.171232877,0.303712835,0.955338117,0.526488245,0.004110057,0.112777814,0.034792595,0.359326182,0.549569093,464.6794845,0.003890871,0.233425939,0.21413394,0.122896013,0.214452328,0.038429822,0.119430942
Tocomar,N11F,Flow,Flow,3.958840037,0.272494831,0.586956522,0.430354267,1.075342466,0.321619346,0.920466637,0.522010375,0.011490876,0.076996502,0.039245356,0.143776375,0.399795849,166.2065857,0.005987082,0.180986978,0.309048429,0.09447708,0.263416563,0.040646236,0.143374532
Tocomar,N11F,Flow,Flow,3.174603175,0.301234283,0.6,0.525,1.1328125,0.401070457,0.866646249,0.548848142,0.004564179,0.112402157,0.036232589,0.306806677,0.490442692,418.4453249,0.004163168,0.232907298,0.314493036,0.127830738,0.259087744,0.037420857,0.136793824
Tocomar,N11F,Flow,Flow,2.39476301,0.631615829,0.623529412,0.669700333,0.887681159,0.531676638,1.089940308,0.794742618,0.004743332,0.099297578,0.039919324,0.355047332,0.620339442,402.6409019,0.003932607,0.214433403,0.327967255,0.170419364,0.272368427,0.041037876,0.147319786
Tocomar,N11F,Flow,Flow,1.731601732,0.374849123,0.8875,0.650704225,1.165562914,0.735295837,0.71399833,0.612249233,0.005304576,0.088303515,0.040297318,0.307218378,0.604441962,360.0399779,0.003918184,0.198298149,0.462765297,0.121407889,0.323172071,0.040369086,0.161789152
Tocomar,N11F,Flow,Flow,3.812705367,0.314495117,0.508474576,0.515819209,1.073033708,0.333946482,0.970439616,0.560798642,0.00339788,0.11109028,0.031677872,0.330408134,0.485342979,562.0738285,0.003393036,0.231091537,0.266183604,0.12959582,0.229885235,0.033506524,0.11971416
Tocomar,N11F,Flow,Flow,2.171536287,0.577082723,0.770833333,0.59740991,0.894117647,0.586331231,0.992081891,0.75965961,0.009702219,0.1430943,0.0551441,0.318758623,0.540283428,196.8476869,0.008084652,0.273578244,0.409829419,0.207826342,0.335121592,0.055611742,0.192332433
Tocomar,N11F,Flow,Flow,2.128218244,0.226901722,0.917721519,0.512003492,1.330033003,0.598265497,0.615845706,0.476342022,0.002138092,0.03286847,0.018994858,0.169061953,0.494424656,893.2540506,0.001106292,0.102609205,0.467967471,0.048877076,0.2556824,0.019012365,0.099067101
Tocomar,N11F,Flow,Flow,4.255404726,0.364117929,0.5,0.469990548,0.949275362,0.299205276,1.103154672,0.60342185,0.004814807,0.069196473,0.028878603,0.194861482,0.443244766,396.663732,0.003122058,0.168547625,0.260829476,0.10170532,0.221242802,0.030630384,0.112081254
Tocomar,N11F,Flow,Flow,2.992992473,0.341692099,0.543010753,0.615298627,1.135888502,0.425406865,0.896221217,0.584544351,0.002672873,0.046595728,0.024098482,0.238160931,0.586220963,714.5342345,0.001620126,0.129488361,0.280801431,0.07569169,0.216128658,0.025230417,0.101669482
Tocomar,N11F,Flow,Flow,4.242625124,0.282589259,0.3875,0.608266129,1.166666667,0.30010654,0.970376109,0.531591252,0.008497548,0.072419649,0.038415074,0.215696951,0.559210638,224.7541624,0.004700014,0.173741784,0.207075229,0.092359613,0.217767029,0.042812326,0.126015022
Tocomar,N11F,Flow,Flow,2.789084507,0.361966941,0.584269663,0.613656007,1.113475177,0.456508055,0.890451421,0.601636885,0.012591629,0.07295014,0.047393468,0.191575493,0.560233652,151.6769081,0.006138625,0.174589219,0.31090584,0.105039314,0.279926262,0.049114636,0.162185266
Tocomar,N11F,Flow,Flow,2.541871921,0.276976304,0.635658915,0.618902439,1.291469194,0.500906255,0.743606335,0.526285383,0.002362469,0.032403149,0.020965043,0.195761228,0.594056837,808.4165669,0.00117121,0.101638476,0.326402372,0.053490844,0.22171456,0.021505346,0.09664375
Tocomar,N11F,Flow,Flow,1.857946703,0.21370824,0.948571429,0.567409639,1.443548387,0.685293901,0.558434448,0.462285886,0.001171361,0.030557497,0.015989247,0.218407705,0.551900048,1630.462002,0.000705567,0.097741393,0.482074762,0.045184466,0.2453926,0.015994819,0.089026453
Tocomar,N11F,Flow,Flow,2.825049289,0.313019183,0.593939394,0.59598021,1.182509506,0.4506964,0.833380688,0.559481173,0.002801776,0.050245429,0.02502352,0.23900386,0.567931745,681.6603311,0.001758001,0.13616465,0.30694119,0.076181558,0.22795237,0.02587731,0.10676771
Tocomar,N13B,Flow,Flow,1.993863148,0.18282657,0.947368421,0.529402209,1.507507508,0.638579205,0.535072056,0.427582238,0.011471153,0.071071755,0.043973244,0.168689199,0.492771836,166.4923516,0.005669375,0.171579221,0.495092237,0.073364227,0.343591053,0.043989313,0.173974895
Tocomar,N13B,Flow,Flow,2.458918689,0.188235923,0.846491228,0.480433597,1.410926366,0.517804656,0.602931923,0.433861641,0.007073045,0.07868516,0.036727742,0.19204106,0.451992247,270.0194012,0.004395402,0.183623624,0.440199977,0.079667247,0.30618082,0.036855325,0.150488725
Tocomar,N13B,Flow,Flow,3.149489609,0.138680242,0.559405941,0.5675874,1.71984127,0.404268533,0.585696092,0.372397962,0.004614018,0.060767998,0.030572682,0.220150215,0.537620586,413.9254387,0.002782927,0.154566943,0.291621776,0.057560415,0.237135514,0.031871257,0.119995023
Tocomar,N13B,Flow,Flow,2.038972163,0.339470538,0.985507246,0.497655584,1.072992701,0.624451657,0.737312562,0.582641002,0.021705618,0.208495078,0.075962318,0.265856573,0.442725559,87.98916955,0.017773695,0.351612148,0.530459557,0.204863654,0.420435944,0.075964342,0.251189975
Tocomar,N13B,Flow,Flow,2.600523903,0.143693243,0.80861244,0.475552787,1.603174603,0.48960886,0.541743288,0.379068916,0.007761868,0.079488059,0.037792268,0.186093107,0.447694612,246.0566704,0.004708087,0.184870633,0.421394111,0.07007871,0.302333517,0.038005658,0.151685614
Tocomar,N13B,Flow,Flow,4.513609049,0.295245891,0.460176991,0.481449966,1.051515152,0.282089018,1.023054668,0.543365338,0.032773551,0.202803005,0.078835193,0.219655905,0.416363251,58.27440978,0.022964888,0.345183153,0.258866829,0.187560561,0.298085039,0.084846355,0.212216248
Tocomar,N13B,Flow,Flow,1.99315371,0.288635897,0.915789474,0.54785239,1.21978022,0.6388065,0.672187617,0.53724845,0.003028418,0.087272149,0.030636522,0.310529632,0.52019917,630.6459219,0.002675429,0.196751075,0.472568018,0.10570421,0.299537336,0.030666161,0.135956748
Tocomar,N13B,Flow,Flow,2.500315657,0.161169278,0.95505618,0.418770654,1.42816092,0.509231521,0.562578966,0.401458936,0.002363457,0.049905929,0.020468044,0.177351361,0.404827529,808.0787059,0.001562424,0.135550595,0.487532134,0.054417998,0.267348755,0.020473454,0.10505767
Tocomar,N13B,Flow,Flow,2.410445263,0.286375038,0.666666667,0.622291667,1.28,0.528217572,0.736310778,0.535140204,0.006154605,0.077630862,0.03900746,0.257527673,0.579948548,310.3138569,0.003970289,0.181979698,0.349586442,0.097384653,0.278799328,0.039811822,0.147620601
Tocomar,N13B,Flow,Flow,3.003400408,0.145366082,0.762773723,0.436506828,1.52173913,0.423932667,0.585575774,0.381269041,0.007736833,0.085888007,0.036920296,0.179433929,0.409984838,246.8528607,0.004946859,0.194665213,0.397657393,0.074219819,0.291704072,0.037259231,0.147253446
Tocomar,N13B,Flow,Flow,3.361571516,0.271343257,0.463963964,0.641170297,1.267692308,0.378763188,0.846399962,0.520906189,0.008141448,0.080634619,0.041820248,0.248077916,0.589590829,234.5847316,0.004906983,0.18664414,0.247287816,0.097224088,0.2421719,0.044941221,0.140256445
Tocomar,N13B,Flow,Flow,2.797714286,0.097658154,0.894607843,0.399543379,1.789780078,0.455099919,0.463234479,0.312503047,0.019244182,0.070922825,0.045405704,0.107465074,0.372479225,99.24346593,0.007993238,0.171339443,0.468810422,0.053544098,0.337606514,0.04547612,0.175367676
Tocomar,N13B,Flow,Flow,2.486468426,0.296132112,0.754098361,0.533321454,1.177570093,0.512067449,0.760464888,0.54418022,0.012827547,0.126693575,0.055175681,0.242087116,0.488254004,148.8873323,0.008979757,0.252253031,0.401245073,0.13727111,0.33169064,0.055725972,0.191369518
Tocomar,N13B,Flow,Flow,3.76299916,0.06797708,0.995495495,0.266947943,1.756207675,0.338357648,0.448222088,0.260724146,0.016564984,0.044248522,0.030158065,0.054905786,0.25513375,115.2949664,0.005281115,0.12510246,0.512792818,0.032617232,0.310566428,0.030158141,0.137115173
Tocomar,N13B,Flow,Flow,2.46969535,0.225516987,0.809210526,0.500374412,1.312727273,0.515545184,0.661387927,0.474886289,0.016618523,0.089454014,0.05194725,0.164206147,0.458410052,114.9235329,0.008461758,0.200016838,0.428101141,0.094985254,0.336274858,0.052238525,0.187122649
Tocomar,N13B,Flow,Flow,2.650980392,0.319164516,0.630769231,0.598030019,1.181603774,0.480290065,0.815183722,0.564946472,0.021716193,0.184686544,0.077517149,0.291652978,0.521464757,87.94632331,0.016398786,0.324307383,0.346987761,0.183216312,0.341620246,0.07958387,0.228514459
Tocomar,N13B,Flow,Flow,5.729241877,0.138925377,0.326086957,0.5352657,1.498178506,0.222235258,0.790650066,0.372726947,0.004826332,0.049989037,0.025324251,0.179145793,0.504967404,395.7165249,0.002517641,0.135701042,0.171439018,0.050579435,0.176253337,0.029404372,0.090951178
Tocomar,N13B,Flow,Flow,2.192242833,0.398578686,0.707692308,0.644565217,1.11036036,0.580793115,0.828411856,0.631330885,0.014908588,0.072012109,0.052272779,0.188811936,0.586051955,128.104641,0.006811255,0.173089352,0.37616261,0.109276654,0.316106358,0.053055814,0.181787462
Tocomar,N13B,Flow,Flow,3.893094591,0.281263867,0.466960352,0.550078963,1.154654655,0.32705076,0.927362201,0.530343159,0.002569363,0.080231214,0.02632985,0.310862257,0.521780739,743.3200448,0.002266966,0.186021114,0.243136388,0.098655025,0.208148008,0.028261601,0.103449909
Tocomar,N13B,Flow,Flow,2.766104574,0.353916356,0.59602649,0.606548933,1.122406639,0.460300582,0.876858578,0.594908695,0.005830272,0.078155919,0.037405577,0.256412128,0.565263932,327.5763785,0.003846799,0.182799323,0.312938318,0.108748907,0.261058201,0.038664614,0.139461176
Tocomar,N13B,Flow,Flow,2.700543305,0.209278433,0.8,0.462869822,1.30982906,0.47147533,0.66624314,0.457469597,0.024972705,0.142918071,0.06698168,0.181903695,0.414145427,76.47787058,0.0151717,0.273353578,0.430141756,0.125050951,0.363995637,0.067399016,0.220473815
Tocomar,N13B,Flow,Flow,3.615963855,0.242924249,0.632653061,0.437129691,1.158333333,0.352116226,0.830600935,0.492873462,0.014997611,0.159849173,0.055883397,0.219333879,0.397275074,127.3442372,0.011636456,0.294537273,0.33913608,0.145169606,0.306740255,0.057354025,0.184580527
Tocomar,N13B,Flow,Flow,2.790673971,0.273981786,0.628378378,0.57025574,1.244813278,0.456248045,0.774926188,0.523432695,0.004705574,0.070491667,0.032824234,0.241549442,0.536402801,405.8717078,0.003112906,0.170644326,0.327551758,0.089320819,0.256082788,0.033713925,0.1297008
Tocomar,N13B,Flow,Flow,2.647062043,0.116885118,0.810289389,0.466225182,1.760213144,0.481001021,0.492954246,0.341884657,0.004195076,0.052199295,0.026491222,0.169145344,0.448250352,455.262189,0.002360127,0.13967213,0.417133889,0.047751758,0.268835561,0.026637896,0.119957098
Tocomar,N13B,Flow,Flow,2.994906621,0.15864181,0.916666667,0.364254793,1.341614907,0.425134973,0.610865238,0.398298644,0.004804513,0.066140203,0.02655847,0.147088428,0.348407361,397.5136267,0.003025118,0.163547414,0.471059267,0.065140713,0.285743941,0.026583608,0.123708438
Tocomar,N13B,Flow,Flow,2.878547238,0.168977945,0.878980892,0.395227545,1.352542373,0.442320184,0.618082765,0.411069271,0.004277549,0.056398261,0.025212733,0.149227956,0.379088041,446.4845344,0.00251752,0.147065389,0.451334007,0.060454062,0.275104213,0.02526519,0.118356015
Tocomar,N13B,Flow,Flow,2.579874441,0.370142455,0.619246862,0.625947077,1.120155039,0.493527718,0.866021504,0.608393339,0.005220018,0.064853462,0.034545894,0.242004355,0.585991444,365.8721643,0.003155507,0.161419293,0.323608013,0.098206423,0.258730586,0.035542469,0.133651541
Tocomar,N13B,Flow,Flow,2.751249324,0.218562696,0.775510204,0.468686597,1.287356322,0.462785955,0.687223393,0.467506894,0.006235687,0.048022334,0.029305324,0.139961177,0.444973615,306.2788954,0.002907708,0.132118056,0.400763077,0.061766102,0.272234027,0.029542412,0.126895584
Tocomar,N13B,Flow,Flow,2.547709775,0.230106572,0.767955801,0.511109345,1.309375,0.499758472,0.678554022,0.479694249,0.005026829,0.031764655,0.024754708,0.124041803,0.48769186,379.9332052,0.001912015,0.100298884,0.394919208,0.048112798,0.256140633,0.024970722,0.113194896
Tocomar,N13B,Flow,Flow,2.339501649,0.310490044,0.814159292,0.525009619,1.146341463,0.54423537,0.755319085,0.557216335,0.014961851,0.035780625,0.037688689,0.095944081,0.489198596,127.6485948,0.004283064,0.108583862,0.424172967,0.060504702,0.303055344,0.037888007,0.151660516
Tocomar,N13B,Flow,Flow,2.316682633,0.202205594,0.847826087,0.509127648,1.401470588,0.549596016,0.606561436,0.449672763,0.003925682,0.026796291,0.021612698,0.119800417,0.489027572,486.5038877,0.001447634,0.089546743,0.43389717,0.040266731,0.256772762,0.021686362,0.105950785
Tocomar,N13B,Flow,Flow,1.638637463,0.374371578,0.987012987,0.618292891,1.138888889,0.777011129,0.694125206,0.611859116,0.004575332,0.058172573,0.032577109,0.231964223,0.582268821,417.425282,0.002687982,0.150133929,0.509689278,0.091860813,0.317299002,0.032577805,0.144024631
Tocomar,N13B,Flow,Flow,2.541606254,0.210817591,0.642140468,0.612719482,1.474541752,0.500958613,0.648712848,0.459148768,0.001662479,0.044476334,0.020677936,0.270015637,0.590496729,1148.802407,0.00114443,0.125531482,0.329559253,0.057637625,0.221737517,0.021187147,0.096015519
Tocomar,N13B,Flow,Flow,2.485338584,0.289264347,0.829787234,0.484894981,1.14244186,0.512300237,0.751424197,0.53783301,0.003751498,0.079745369,0.029916155,0.240647425,0.460237684,509.0923853,0.002905846,0.18526938,0.428578667,0.099643989,0.283192039,0.030046438,0.130765986
Tocomar,N13B,Flow,Flow,2.11746253,0.360164207,0.792592593,0.595846314,1.132231405,0.601304404,0.773932497,0.600136823,0.005362443,0.093730879,0.039344212,0.292585123,0.55579306,356.1547323,0.004106728,0.206342391,0.413928332,0.123833667,0.303478192,0.039610238,0.155019562
Tocomar,N13B,Flow,Flow,2.522491349,0.210979392,0.785185185,0.504891684,1.360995851,0.504754772,0.646516781,0.459324931,0.00426328,0.099198713,0.034262625,0.27940353,0.477972378,447.9788773,0.003660151,0.214291046,0.407883875,0.09842922,0.288501895,0.03451341,0.14115391
Tocomar,N13B,Flow,Flow,4.148596112,0.17956806,0.489795918,0.492134354,1.378424658,0.306908532,0.764909516,0.423754716,0.013426985,0.112267822,0.049010384,0.202663766,0.450458524,142.2403684,0.008540598,0.232721692,0.263151827,0.098616914,0.261496984,0.052164771,0.158084542
Tocomar,N13B,Flow,Flow,4.154000502,0.231437808,0.43956044,0.547664835,1.255725191,0.306509242,0.86895116,0.481079836,0.011703773,0.110313515,0.048011617,0.232138937,0.497730332,163.1832159,0.007702567,0.230013053,0.237059126,0.110654642,0.247659474,0.052123905,0.15132425
Tocomar,N13B,Flow,Flow,1.926760563,0.383703802,0.842105263,0.616319444,1.119047619,0.66081877,0.762003324,0.619438295,0.018241657,0.130840923,0.067588098,0.252277597,0.548377091,104.6976906,0.011602128,0.257728472,0.452178729,0.159646885,0.374260234,0.067837757,0.224514715
Tocomar,N13B,Flow,Flow,2.647482014,0.179568526,0.75,0.503623188,1.468944099,0.480924719,0.611049734,0.423755267,0.01727008,0.145990242,0.062203204,0.228710441,0.457473344,110.5877502,0.012034033,0.277257021,0.402213902,0.117489123,0.344318763,0.062847814,0.206758226
Tocomar,N13B,Flow,Flow,2.638018018,0.310417476,0.752066116,0.504041413,1.117924528,0.482650056,0.801967745,0.557151215,0.005733841,0.115318972,0.039593104,0.278983465,0.471520112,333.0855298,0.004930565,0.236919336,0.393375492,0.131999896,0.296573282,0.039995584,0.153676513
Tocomar,N13B,Flow,Flow,3.644535446,0.273035334,0.416309013,0.659085881,1.254545455,0.349355786,0.884047208,0.522527831,0.004536308,0.094751449,0.036048592,0.345075658,0.611472149,421.0162403,0.003699912,0.207837499,0.220918493,0.108600878,0.219858899,0.03956475,0.123327911
Tocomar,N13B,Flow,Flow,2.906581741,0.294567369,0.621621622,0.55346651,1.18125,0.438053927,0.820027712,0.542740609,0.004588235,0.108283466,0.0370507,0.316417249,0.518944633,416.2514265,0.004075094,0.227182443,0.325831365,0.123301138,0.265306173,0.03810245,0.140123885
